query	value
wallets	0x0E510578889ce76db52686625E2E12D35D0b092e
wallets	0x8d81156294aBC787e5cBcc16774799Aeba574439
wallets	0x0E510578889ce76db52686625E2E12D35D0b092e
wallets	0x8d81156294aBC787e5cBcc16774799Aeba574439
wallets	0x0E510578889ce76db52686625E2E12D35D0b092e
wallets	0x8d81156294aBC787e5cBcc16774799Aeba574439
wallets	0x0E510578889ce76db52686625E2E12D35D0b092e
wallets	0x8d81156294aBC787e5cBcc16774799Aeba574439
wallets	0x0E510578889ce76db52686625E2E12D35D0b092e
wallets	0x8d81156294aBC787e5cBcc16774799Aeba574439
wallets	0x0E510578889ce76db52686625E2E12D35D0b092e
wallets	0x8d81156294aBC787e5cBcc16774799Aeba574439
wallets	0x0E510578889ce76db52686625E2E12D35D0b092e
wallets	0x8d81156294aBC787e5cBcc16774799Aeba574439
wallets	0x0E510578889ce76db52686625E2E12D35D0b092e
wallets	0x8d81156294aBC787e5cBcc16774799Aeba574439
wallets	0x0E510578889ce76db52686625E2E12D35D0b092e
wallets	0x8d81156294aBC787e5cBcc16774799Aeba574439
wallets	0x0E510578889ce76db52686625E2E12D35D0b092e
wallets	0x8d81156294aBC787e5cBcc16774799Aeba574439
wallets	0x0E510578889ce76db52686625E2E12D35D0b092e
wallets	0x8d81156294aBC787e5cBcc16774799Aeba574439
wallets	0x0E510578889ce76db52686625E2E12D35D0b092e
wallets	0x8d81156294aBC787e5cBcc16774799Aeba574439
wallets	0x0E510578889ce76db52686625E2E12D35D0b092e
wallets	0x8d81156294aBC787e5cBcc16774799Aeba574439
wallets	0x0E510578889ce76db52686625E2E12D35D0b092e
wallets	0x8d81156294aBC787e5cBcc16774799Aeba574439
wallets	0x0E510578889ce76db52686625E2E12D35D0b092e
wallets	0x8d81156294aBC787e5cBcc16774799Aeba574439
wallets	0x0E510578889ce76db52686625E2E12D35D0b092e
wallets	0x8d81156294aBC787e5cBcc16774799Aeba574439
wallets	0x0E510578889ce76db52686625E2E12D35D0b092e
wallets	0x8d81156294aBC787e5cBcc16774799Aeba574439
wallets	0x0E510578889ce76db52686625E2E12D35D0b092e
wallets	0x8d81156294aBC787e5cBcc16774799Aeba574439
wallets	0x0E510578889ce76db52686625E2E12D35D0b092e
wallets	0x8d81156294aBC787e5cBcc16774799Aeba574439
wallets	0x0E510578889ce76db52686625E2E12D35D0b092e
wallets	0x8d81156294aBC787e5cBcc16774799Aeba574439
wallets	0x0E510578889ce76db52686625E2E12D35D0b092e
wallets	0x8d81156294aBC787e5cBcc16774799Aeba574439
wallets	0x0E510578889ce76db52686625E2E12D35D0b092e
wallets	0x8d81156294aBC787e5cBcc16774799Aeba574439
